,",Unnamed: 0.1,Unnamed: 0,""Notes",County,COUNTYFP,Deaths,Population,Crude Rate
0,"0,0,""","Baldwin County"","" AL""""","01003""""",25.0,909837.0,"2.7"""
1,"1,1,""","Blount County"","" AL""""","01009""""",11.0,232586.0,"Unreliable"""
2,"2,2,""","Calhoun County"","" AL""""","01015""""",19.0,457323.0,"Unreliable"""
3,"3,3,""","Colbert County"","" AL""""","01033""""",13.0,222888.0,"Unreliable"""
4,"4,4,""","DeKalb County"","" AL""""","01049""""",13.0,286369.0,"Unreliable"""
5,"5,5,""","Elmore County"","" AL""""","01051""""",22.0,334558.0,"6.6"""
6,"6,6,""","Etowah County"","" AL""""","01055""""",15.0,410302.0,"Unreliable"""
7,"7,7,""","Houston County"","" AL""""","01069""""",30.0,424642.0,"7.1"""
8,"8,8,""","Jefferson County"","" AL""""","01073""""",164.0,2641035.0,"6.2"""
9,"9,9,""","Lauderdale County"","" AL""""","01077""""",10.0,372527.0,"Unreliable"""
10,"10,10,""","Lee County"","" AL""""","01081""""",22.0,672532.0,"3.3"""
11,"11,11,""","Limestone County"","" AL""""","01083""""",11.0,404834.0,"Unreliable"""
12,"12,12,""","Madison County"","" AL""""","01089""""",38.0,1514092.0,"2.5"""
13,"13,13,""","Marshall County"","" AL""""","01095""""",12.0,388101.0,"Unreliable"""
14,"14,14,""","Mobile County"","" AL""""","01097""""",100.0,1652756.0,"6.1"""
15,"15,15,""","Montgomery County"","" AL""""","01101""""",59.0,904322.0,"6.5"""
16,"16,16,""","Morgan County"","" AL""""","01103""""",18.0,482319.0,"Unreliable"""
17,"17,17,""","Russell County"","" AL""""","01113""""",12.0,232701.0,"Unreliable"""
18,"18,18,""","Shelby County"","" AL""""","01117""""",25.0,881739.0,"2.8"""
19,"19,19,""","Talladega County"","" AL""""","01121""""",18.0,321315.0,"Unreliable"""
20,"20,20,""","Tuscaloosa County"","" AL""""","01125""""",54.0,856031.0,"6.3"""
21,"21,21,""","Walker County"","" AL""""","01127""""",12.0,255193.0,"Unreliable"""
22,"22,22,""","Anchorage Borough"","" AK""""","02020""""",35.0,1154754.0,"3.0"""
23,"23,23,""","Fairbanks North Star Borough"","" AK""""","02090""""",13.0,387064.0,"Unreliable"""
24,"24,24,""","Apache County"","" AZ""""","04001""""",10.0,281203.0,"Unreliable"""
25,"25,25,""","Cochise County"","" AZ""""","04003""""",17.0,506192.0,"Unreliable"""
26,"26,26,""","Coconino County"","" AZ""""","04005""""",14.0,573863.0,"Unreliable"""
27,"27,27,""","Maricopa County"","" AZ""""","04013""""",604.0,17971907.0,"3.4"""
28,"28,28,""","Mohave County"","" AZ""""","04015""""",11.0,856629.0,"Unreliable"""
29,"29,29,""","Navajo County"","" AZ""""","04017""""",20.0,441628.0,"4.5"""
30,"30,30,""","Pima County"","" AZ""""","04019""""",112.0,4199557.0,"2.7"""
31,"31,31,""","Pinal County"","" AZ""""","04021""""",69.0,1840312.0,"3.7"""
32,"32,32,""","Santa Cruz County"","" AZ""""","04023""""",13.0,187700.0,"Unreliable"""
33,"33,33,""","Yavapai County"","" AZ""""","04025""""",18.0,949571.0,"Unreliable"""
34,"34,34,""","Yuma County"","" AZ""""","04027""""",51.0,850729.0,"6.0"""
35,"35,35,""","Benton County"","" AR""""","05007""""",41.0,1134215.0,"3.6"""
36,"36,36,""","Craighead County"","" AR""""","05031""""",16.0,443353.0,"Unreliable"""
37,"37,37,""","Crittenden County"","" AR""""","05035""""",11.0,191438.0,"Unreliable"""
38,"38,38,""","Faulkner County"","" AR""""","05045""""",24.0,502838.0,"4.8"""
39,"39,39,""","Garland County"","" AR""""","05051""""",18.0,398659.0,"Unreliable"""
40,"40,40,""","Jefferson County"","" AR""""","05069""""",15.0,266176.0,"Unreliable"""
41,"41,41,""","Lonoke County"","" AR""""","05085""""",11.0,295609.0,"Unreliable"""
42,"42,42,""","Mississippi County"","" AR""""","05093""""",17.0,161617.0,"Unreliable"""
43,"43,43,""","Pulaski County"","" AR""""","05119""""",110.0,1575392.0,"7.0"""
44,"44,44,""","Saline County"","" AR""""","05125""""",19.0,493059.0,"Unreliable"""
45,"45,45,""","Sebastian County"","" AR""""","05131""""",18.0,511570.0,"Unreliable"""
46,"46,46,""","Union County"","" AR""""","05139""""",11.0,154367.0,"Unreliable"""
47,"47,47,""","Washington County"","" AR""""","05143""""",47.0,969421.0,"4.8"""
48,"48,48,""","Alameda County"","" CA""""","06001""""",135.0,6648961.0,"2.0"""
49,"49,49,""","Butte County"","" CA""""","06007""""",18.0,871495.0,"Unreliable"""
50,"50,50,""","Contra Costa County"","" CA""""","06013""""",105.0,4617487.0,"2.3"""
51,"51,51,""","El Dorado County"","" CA""""","06017""""",14.0,769667.0,"Unreliable"""
52,"52,52,""","Fresno County"","" CA""""","06019""""",182.0,4008000.0,"4.5"""
53,"53,53,""","Humboldt County"","" CA""""","06023""""",10.0,543218.0,"Unreliable"""
54,"54,54,""","Imperial County"","" CA""""","06025""""",24.0,723160.0,"3.3"""
55,"55,55,""","Kern County"","" CA""""","06029""""",129.0,3616001.0,"3.6"""
56,"56,56,""","Kings County"","" CA""""","06031""""",20.0,610441.0,"3.3"""
57,"57,57,""","Los Angeles County"","" CA""""","06037""""",942.0,39917215.0,"2.4"""
58,"58,58,""","Madera County"","" CA""""","06039""""",20.0,632170.0,"3.2"""
59,"59,59,""","Merced County"","" CA""""","06047""""",24.0,1118158.0,"2.1"""
60,"60,60,""","Monterey County"","" CA""""","06053""""",60.0,1737886.0,"3.5"""
61,"61,61,""","Orange County"","" CA""""","06059""""",252.0,12696326.0,"2.0"""
62,"62,62,""","Placer County"","" CA""""","06061""""",21.0,1606728.0,"1.3"""
63,"63,63,""","Riverside County"","" CA""""","06065""""",264.0,9868887.0,"2.7"""
64,"64,64,""","Sacramento County"","" CA""""","06067""""",204.0,6241100.0,"3.3"""
65,"65,65,""","San Bernardino County"","" CA""""","06071""""",378.0,8735581.0,"4.3"""
66,"66,66,""","San Diego County"","" CA""""","06073""""",316.0,13300190.0,"2.4"""
67,"67,67,""","San Francisco County"","" CA""""","06075""""",62.0,3446661.0,"1.8"""
68,"68,68,""","San Joaquin County"","" CA""""","06077""""",136.0,3072185.0,"4.4"""
69,"69,69,""","San Luis Obispo County"","" CA""""","06079""""",18.0,1132529.0,"Unreliable"""
70,"70,70,""","San Mateo County"","" CA""""","06081""""",52.0,3032314.0,"1.7"""
71,"71,71,""","Santa Barbara County"","" CA""""","06083""""",43.0,1784267.0,"2.4"""
72,"72,72,""","Santa Clara County"","" CA""""","06085""""",132.0,7658035.0,"1.7"""
73,"73,73,""","Santa Cruz County"","" CA""""","06087""""",23.0,1085185.0,"2.1"""
74,"74,74,""","Shasta County"","" CA""""","06089""""",22.0,721286.0,"3.1"""
75,"75,75,""","Solano County"","" CA""""","06095""""",51.0,1792904.0,"2.8"""
76,"76,76,""","Sonoma County"","" CA""""","06097""""",31.0,1969984.0,"1.6"""
77,"77,77,""","Stanislaus County"","" CA""""","06099""""",79.0,2203555.0,"3.6"""
78,"78,78,""","Tehama County"","" CA""""","06103""""",11.0,258992.0,"Unreliable"""
79,"79,79,""","Tulare County"","" CA""""","06107""""",81.0,1877790.0,"4.3"""
80,"80,80,""","Ventura County"","" CA""""","06111""""",77.0,3378144.0,"2.3"""
81,"81,81,""","Yolo County"","" CA""""","06113""""",15.0,877622.0,"Unreliable"""
82,"82,82,""","Yuba County"","" CA""""","06115""""",12.0,320290.0,"Unreliable"""
83,"83,83,""","Adams County"","" CO""""","08001""""",73.0,2071312.0,"3.5"""
84,"84,84,""","Arapahoe County"","" CO""""","08005""""",92.0,2620157.0,"3.5"""
85,"85,85,""","Boulder County"","" CO""""","08013""""",20.0,1308988.0,"1.5"""
86,"86,86,""","Broomfield County"","" CO""""","08014""""",13.0,287293.0,"Unreliable"""
87,"87,87,""","Denver County"","" CO""""","08031""""",120.0,2890704.0,"4.2"""
88,"88,88,""","Douglas County"","" CO""""","08035""""",38.0,1423670.0,"2.7"""
89,"89,89,""","El Paso County"","" CO""""","08041""""",108.0,2900436.0,"3.7"""
90,"90,90,""","Jefferson County"","" CO""""","08059""""",50.0,2325978.0,"2.1"""
91,"91,91,""","Larimer County"","" CO""""","08069""""",29.0,1430378.0,"2.0"""
92,"92,92,""","Mesa County"","" CO""""","08077""""",19.0,620355.0,"Unreliable"""
93,"93,93,""","Pueblo County"","" CO""""","08101""""",26.0,675398.0,"3.8"""
94,"94,94,""","Weld County"","" CO""""","08123""""",41.0,1312816.0,"3.1"""
95,"95,95,""","Fairfield County"","" CT""""","09001""""",79.0,3789349.0,"2.1"""
96,"96,96,""","Hartford County"","" CT""""","09003""""",126.0,3570497.0,"3.5"""
97,"97,97,""","Litchfield County"","" CT""""","09005""""",14.0,726054.0,"Unreliable"""
98,"98,98,""","New Haven County"","" CT""""","09009""""",111.0,3428025.0,"3.2"""
99,"99,99,""","New London County"","" CT""""","09011""""",16.0,1065794.0,"Unreliable"""
100,"100,100,""","Kent County"","" DE""""","10001""""",25.0,727128.0,"3.4"""
101,"101,101,""","New Castle County"","" DE""""","10003""""",89.0,2251327.0,"4.0"""
102,"102,102,""","Sussex County"","" DE""""","10005""""",19.0,952673.0,"Unreliable"""
103,"103,103,""","District of Columbia"","" DC""""","11001""""",118.0,2791070.0,"4.2"""
104,"104,104,""","Alachua County"","" FL""""","12001""""",71.0,1089455.0,"6.5"""
105,"105,105,""","Bay County"","" FL""""","12005""""",45.0,710482.0,"6.3"""
106,"106,106,""","Brevard County"","" FL""""","12009""""",77.0,2423878.0,"3.2"""
107,"107,107,""","Broward County"","" FL""""","12011""""",262.0,7793126.0,"3.4"""
108,"108,108,""","Charlotte County"","" FL""""","12015""""",11.0,763462.0,"Unreliable"""
109,"109,109,""","Citrus County"","" FL""""","12017""""",17.0,608679.0,"Unreliable"""
110,"110,110,""","Clay County"","" FL""""","12019""""",28.0,879455.0,"3.2"""
111,"111,111,""","Collier County"","" FL""""","12021""""",30.0,1542343.0,"1.9"""
112,"112,112,""","Columbia County"","" FL""""","12023""""",21.0,285228.0,"7.4"""
113,"113,113,""","Duval County"","" FL""""","12031""""",230.0,3874599.0,"5.9"""
114,"114,114,""","Escambia County"","" FL""""","12033""""",56.0,1278604.0,"4.4"""
115,"115,115,""","Gadsden County"","" FL""""","12039""""",16.0,180545.0,"Unreliable"""
116,"116,116,""","Hendry County"","" FL""""","12051""""",13.0,166704.0,"Unreliable"""
117,"117,117,""","Hernando County"","" FL""""","12053""""",21.0,784215.0,"2.7"""
118,"118,118,""","Highlands County"","" FL""""","12055""""",11.0,421580.0,"Unreliable"""
119,"119,119,""","Hillsborough County"","" FL""""","12057""""",297.0,5885007.0,"5.0"""
120,"120,120,""","Indian River County"","" FL""""","12061""""",15.0,643516.0,"Unreliable"""
121,"121,121,""","Jackson County"","" FL""""","12063""""",10.0,188498.0,"Unreliable"""
122,"122,122,""","Lake County"","" FL""""","12069""""",41.0,1494909.0,"2.7"""
123,"123,123,""","Lee County"","" FL""""","12071""""",99.0,3103930.0,"3.2"""
124,"124,124,""","Leon County"","" FL""""","12073""""",70.0,1174361.0,"6.0"""
125,"125,125,""","Manatee County"","" FL""""","12081""""",44.0,1622030.0,"2.7"""
126,"126,126,""","Marion County"","" FL""""","12083""""",57.0,1484984.0,"3.8"""
127,"127,127,""","Miami-Dade County"","" FL""""","12086""""",310.0,10848601.0,"2.9"""
128,"128,128,""","Nassau County"","" FL""""","12089""""",10.0,359759.0,"Unreliable"""
129,"129,129,""","Okaloosa County"","" FL""""","12091""""",34.0,844082.0,"4.0"""
130,"130,130,""","Orange County"","" FL""""","12095""""",240.0,5601239.0,"4.3"""
131,"131,131,""","Osceola County"","" FL""""","12097""""",58.0,1532338.0,"3.8"""
132,"132,132,""","Palm Beach County"","" FL""""","12099""""",156.0,5988298.0,"2.6"""
133,"133,133,""","Pasco County"","" FL""""","12101""""",70.0,2248056.0,"3.1"""
134,"134,134,""","Pinellas County"","" FL""""","12103""""",107.0,3883693.0,"2.8"""
135,"135,135,""","Polk County"","" FL""""","12105""""",124.0,2930858.0,"4.2"""
136,"136,136,""","Putnam County"","" FL""""","12107""""",24.0,297666.0,"8.1"""
137,"137,137,""","St. Johns County"","" FL""""","12109""""",28.0,1090114.0,"2.6"""
138,"138,138,""","St. Lucie County"","" FL""""","12111""""",27.0,1330190.0,"2.0"""
139,"139,139,""","Santa Rosa County"","" FL""""","12113""""",21.0,746799.0,"2.8"""
140,"140,140,""","Sarasota County"","" FL""""","12115""""",34.0,1750982.0,"1.9"""
141,"141,141,""","Seminole County"","" FL""""","12117""""",51.0,1883922.0,"2.7"""
142,"142,142,""","Volusia County"","" FL""""","12127""""",59.0,2226731.0,"2.6"""
143,"143,143,""","Barrow County"","" GA""""","13013""""",10.0,336295.0,"Unreliable"""
144,"144,144,""","Bartow County"","" GA""""","13015""""",14.0,434415.0,"Unreliable"""
145,"145,145,""","Bibb County"","" GA""""","13021""""",41.0,615753.0,"6.7"""
146,"146,146,""","Bulloch County"","" GA""""","13031""""",14.0,320185.0,"Unreliable"""
147,"147,147,""","Carroll County"","" GA""""","13045""""",15.0,481714.0,"Unreliable"""
148,"148,148,""","Catoosa County"","" GA""""","13047""""",10.0,271393.0,"Unreliable"""
149,"149,149,""","Chatham County"","" GA""""","13051""""",51.0,1164417.0,"4.4"""
150,"150,150,""","Cherokee County"","" GA""""","13057""""",31.0,1052811.0,"2.9"""
151,"151,151,""","Clarke County"","" GA""""","13059""""",16.0,512167.0,"Unreliable"""
152,"152,152,""","Clayton County"","" GA""""","13063""""",77.0,1171617.0,"6.6"""
153,"153,153,""","Cobb County"","" GA""""","13067""""",110.0,3046752.0,"3.6"""
154,"154,154,""","Columbia County"","" GA""""","13073""""",22.0,631021.0,"3.5"""
155,"155,155,""","Coweta County"","" GA""""","13077""""",20.0,595178.0,"3.4"""
156,"156,156,""","DeKalb County"","" GA""""","13089""""",161.0,3035582.0,"5.3"""
157,"157,157,""","Dougherty County"","" GA""""","13095""""",26.0,350520.0,"7.4"""
158,"158,158,""","Douglas County"","" GA""""","13097""""",32.0,585476.0,"5.5"""
159,"159,159,""","Effingham County"","" GA""""","13103""""",10.0,258992.0,"Unreliable"""
160,"160,160,""","Fayette County"","" GA""""","13113""""",13.0,464275.0,"Unreliable"""
161,"161,161,""","Floyd County"","" GA""""","13115""""",15.0,393800.0,"Unreliable"""
162,"162,162,""","Forsyth County"","" GA""""","13117""""",17.0,991917.0,"Unreliable"""
163,"163,163,""","Fulton County"","" GA""""","13121""""",202.0,4256787.0,"4.7"""
164,"164,164,""","Glynn County"","" GA""""","13127""""",10.0,340818.0,"Unreliable"""
165,"165,165,""","Gwinnett County"","" GA""""","13135""""",158.0,3771204.0,"4.2"""
166,"166,166,""","Hall County"","" GA""""","13139""""",27.0,820549.0,"3.3"""
167,"167,167,""","Henry County"","" GA""""","13151""""",50.0,949155.0,"5.3"""
168,"168,168,""","Houston County"","" GA""""","13153""""",47.0,640271.0,"7.3"""
169,"169,169,""","Jackson County"","" GA""""","13157""""",14.0,299884.0,"Unreliable"""
170,"170,170,""","Laurens County"","" GA""""","13175""""",12.0,191930.0,"Unreliable"""
171,"171,171,""","Liberty County"","" GA""""","13179""""",21.0,251647.0,"8.3"""
172,"172,172,""","Lowndes County"","" GA""""","13185""""",32.0,471271.0,"6.8"""
173,"173,173,""","McDuffie County"","" GA""""","13189""""",11.0,85638.0,"Unreliable"""
174,"174,174,""","Muscogee County"","" GA""""","13215""""",71.0,791988.0,"9.0"""
175,"175,175,""","Newton County"","" GA""""","13217""""",33.0,449935.0,"7.3"""
176,"176,176,""","Paulding County"","" GA""""","13223""""",22.0,679850.0,"3.2"""
177,"177,177,""","Richmond County"","" GA""""","13245""""",65.0,811824.0,"8.0"""
178,"178,178,""","Rockdale County"","" GA""""","13247""""",20.0,366511.0,"5.5"""
179,"179,179,""","Spalding County"","" GA""""","13255""""",11.0,268126.0,"Unreliable"""
180,"180,180,""","Thomas County"","" GA""""","13275""""",12.0,179113.0,"Unreliable"""
181,"181,181,""","Troup County"","" GA""""","13285""""",18.0,279890.0,"Unreliable"""
182,"182,182,""","Walker County"","" GA""""","13295""""",10.0,277797.0,"Unreliable"""
183,"183,183,""","Walton County"","" GA""""","13297""""",17.0,384824.0,"Unreliable"""
184,"184,184,""","Whitfield County"","" GA""""","13313""""",21.0,415375.0,"5.1"""
185,"185,185,""","Hawaii County"","" HI""""","15001""""",21.0,808742.0,"2.6"""
186,"186,186,""","Honolulu County"","" HI""""","15003""""",149.0,3919359.0,"3.8"""
187,"187,187,""","Maui County"","" HI""""","15009""""",13.0,666747.0,"Unreliable"""
188,"188,188,""","Ada County"","" ID""""","16001""""",47.0,1957883.0,"2.4"""
189,"189,189,""","Bannock County"","" ID""""","16005""""",11.0,352004.0,"Unreliable"""
190,"190,190,""","Bonneville County"","" ID""""","16019""""",24.0,485980.0,"4.9"""
191,"191,191,""","Canyon County"","" ID""""","16027""""",35.0,933516.0,"3.7"""
192,"192,192,""","Kootenai County"","" ID""""","16055""""",14.0,677619.0,"Unreliable"""
193,"193,193,""","Champaign County"","" IL""""","17019""""",40.0,834807.0,"4.8"""
194,"194,194,""","Cook County"","" IL""""","17031""""",825.0,20612156.0,"4.0"""
195,"195,195,""","DeKalb County"","" IL""""","17037""""",11.0,413945.0,"Unreliable"""
196,"196,196,""","DuPage County"","" IL""""","17043""""",90.0,3693876.0,"2.4"""
197,"197,197,""","Franklin County"","" IL""""","17055""""",10.0,152672.0,"Unreliable"""
198,"198,198,""","Grundy County"","" IL""""","17063""""",11.0,206008.0,"Unreliable"""
199,"199,199,""","Jackson County"","" IL""""","17077""""",12.0,223409.0,"Unreliable"""
200,"200,200,""","Kane County"","" IL""""","17089""""",83.0,2113217.0,"3.9"""
201,"201,201,""","Kankakee County"","" IL""""","17091""""",21.0,435081.0,"4.8"""
202,"202,202,""","Kendall County"","" IL""""","17093""""",15.0,522410.0,"Unreliable"""
203,"203,203,""","Lake County"","" IL""""","17097""""",68.0,2802199.0,"2.4"""
204,"204,204,""","LaSalle County"","" IL""""","17099""""",13.0,434635.0,"Unreliable"""
205,"205,205,""","McHenry County"","" IL""""","17111""""",36.0,1233354.0,"2.9"""
206,"206,206,""","McLean County"","" IL""""","17113""""",19.0,686490.0,"Unreliable"""
207,"207,207,""","Macon County"","" IL""""","17115""""",16.0,414168.0,"Unreliable"""
208,"208,208,""","Madison County"","" IL""""","17119""""",38.0,1054552.0,"3.6"""
209,"209,209,""","Peoria County"","" IL""""","17143""""",38.0,716884.0,"5.3"""
210,"210,210,""","Rock Island County"","" IL""""","17161""""",14.0,569172.0,"Unreliable"""
211,"211,211,""","St. Clair County"","" IL""""","17163""""",60.0,1033587.0,"5.8"""
212,"212,212,""","Sangamon County"","" IL""""","17167""""",34.0,778636.0,"4.4"""
213,"213,213,""","Tazewell County"","" IL""""","17179""""",12.0,525321.0,"Unreliable"""
214,"214,214,""","Vermilion County"","" IL""""","17183""""",17.0,300514.0,"Unreliable"""
215,"215,215,""","Will County"","" IL""""","17197""""",94.0,2769031.0,"3.4"""
216,"216,216,""","Winnebago County"","" IL""""","17201""""",58.0,1131067.0,"5.1"""
217,"217,217,""","Woodford County"","" IL""""","17203""""",10.0,153238.0,"Unreliable"""
218,"218,218,""","Allen County"","" IN""""","18003""""",77.0,1525445.0,"5.0"""
219,"219,219,""","Bartholomew County"","" IN""""","18005""""",15.0,333454.0,"Unreliable"""
220,"220,220,""","Clark County"","" IN""""","18019""""",10.0,477666.0,"Unreliable"""
221,"221,221,""","Delaware County"","" IN""""","18035""""",16.0,454232.0,"Unreliable"""
222,"222,222,""","Elkhart County"","" IN""""","18039""""",39.0,824983.0,"4.7"""
223,"223,223,""","Floyd County"","" IN""""","18043""""",12.0,315693.0,"Unreliable"""
224,"224,224,""","Grant County"","" IN""""","18053""""",13.0,263193.0,"Unreliable"""
225,"225,225,""","Hamilton County"","" IN""""","18057""""",38.0,1368985.0,"2.8"""
226,"226,226,""","Hendricks County"","" IN""""","18063""""",19.0,689926.0,"Unreliable"""
227,"227,227,""","Johnson County"","" IN""""","18081""""",15.0,639297.0,"Unreliable"""
228,"228,228,""","Knox County"","" IN""""","18083""""",12.0,145967.0,"Unreliable"""
229,"229,229,""","Lake County"","" IN""""","18089""""",85.0,1955998.0,"4.3"""
230,"230,230,""","La Porte County"","" IN""""","18091""""",16.0,441948.0,"Unreliable"""
231,"231,231,""","Madison County"","" IN""""","18095""""",24.0,519673.0,"4.6"""
232,"232,232,""","Marion County"","" IN""""","18097""""",216.0,3856537.0,"5.6"""
233,"233,233,""","Marshall County"","" IN""""","18099""""",15.0,184735.0,"Unreliable"""
234,"234,234,""","Monroe County"","" IN""""","18105""""",13.0,583442.0,"Unreliable"""
235,"235,235,""","Noble County"","" IN""""","18113""""",11.0,190335.0,"Unreliable"""
236,"236,236,""","St. Joseph County"","" IN""""","18141""""",56.0,1086293.0,"5.2"""
237,"237,237,""","Tippecanoe County"","" IN""""","18157""""",37.0,771971.0,"4.8"""
238,"238,238,""","Vanderburgh County"","" IN""""","18163""""",42.0,724859.0,"5.8"""
239,"239,239,""","Vigo County"","" IN""""","18167""""",20.0,427026.0,"4.7"""
240,"240,240,""","Black Hawk County"","" IA""""","19013""""",22.0,524790.0,"4.2"""
241,"241,241,""","Dubuque County"","" IA""""","19061""""",11.0,390473.0,"Unreliable"""
242,"242,242,""","Johnson County"","" IA""""","19103""""",16.0,610888.0,"Unreliable"""
243,"243,243,""","Linn County"","" IA""""","19113""""",21.0,909408.0,"2.3"""
244,"244,244,""","Polk County"","" IA""""","19153""""",78.0,1968490.0,"4.0"""
245,"245,245,""","Pottawattamie County"","" IA""""","19155""""",16.0,373371.0,"Unreliable"""
246,"246,246,""","Scott County"","" IA""""","19163""""",14.0,693612.0,"Unreliable"""
247,"247,247,""","Woodbury County"","" IA""""","19193""""",20.0,414391.0,"4.8"""
248,"248,248,""","Geary County"","" KS""""","20061""""",16.0,132416.0,"Unreliable"""
249,"249,249,""","Johnson County"","" KS""""","20091""""",54.0,2420395.0,"2.2"""
250,"250,250,""","Sedgwick County"","" KS""""","20173""""",88.0,2073384.0,"4.2"""
251,"251,251,""","Shawnee County"","" KS""""","20177""""",37.0,708637.0,"5.2"""
252,"252,252,""","Wyandotte County"","" KS""""","20209""""",45.0,663064.0,"6.8"""
253,"253,253,""","Boone County"","" KY""""","21015""""",15.0,537922.0,"Unreliable"""
254,"254,254,""","Christian County"","" KY""""","21047""""",16.0,285967.0,"Unreliable"""
255,"255,255,""","Daviess County"","" KY""""","21059""""",15.0,407656.0,"Unreliable"""
256,"256,256,""","Fayette County"","" KY""""","21067""""",44.0,1293460.0,"3.4"""
257,"257,257,""","Floyd County"","" KY""""","21071""""",12.0,141682.0,"Unreliable"""
258,"258,258,""","Hardin County"","" KY""""","21093""""",11.0,444230.0,"Unreliable"""
259,"259,259,""","Jefferson County"","" KY""""","21111""""",116.0,3082600.0,"3.8"""
260,"260,260,""","Kenton County"","" KY""""","21117""""",27.0,670493.0,"4.0"""
261,"261,261,""","Logan County"","" KY""""","21141""""",11.0,109278.0,"Unreliable"""
262,"262,262,""","McCracken County"","" KY""""","21145""""",11.0,263862.0,"Unreliable"""
263,"263,263,""","Madison County"","" KY""""","21151""""",11.0,374286.0,"Unreliable"""
264,"264,264,""","Warren County"","" KY""""","21227""""",17.0,535882.0,"Unreliable"""
265,"265,265,""","Acadia Parish"","" LA""""","22001""""",13.0,243441.0,"Unreliable"""
266,"266,266,""","Ascension Parish"","" LA""""","22005""""",21.0,508310.0,"4.1"""
267,"267,267,""","Bossier Parish"","" LA""""","22015""""",25.0,510643.0,"4.9"""
268,"268,268,""","Caddo Parish"","" LA""""","22017""""",96.0,953697.0,"10.1"""
269,"269,269,""","Calcasieu Parish"","" LA""""","22019""""",25.0,815140.0,"3.1"""
270,"270,270,""","East Baton Rouge Parish"","" LA""""","22033""""",140.0,1774045.0,"7.9"""
271,"271,271,""","Iberia Parish"","" LA""""","22045""""",14.0,278737.0,"Unreliable"""
272,"272,272,""","Jefferson Parish"","" LA""""","22051""""",62.0,1732578.0,"3.6"""
273,"273,273,""","Lafayette Parish"","" LA""""","22055""""",39.0,977895.0,"4.0"""
274,"274,274,""","Lafourche Parish"","" LA""""","22057""""",22.0,390829.0,"5.6"""
275,"275,275,""","Livingston Parish"","" LA""""","22063""""",23.0,569923.0,"4.0"""
276,"276,276,""","Orleans Parish"","" LA""""","22071""""",66.0,1547597.0,"4.3"""
277,"277,277,""","Ouachita Parish"","" LA""""","22073""""",47.0,618961.0,"7.6"""
278,"278,278,""","Rapides Parish"","" LA""""","22079""""",19.0,517431.0,"Unreliable"""
279,"279,279,""","St. Charles Parish"","" LA""""","22089""""",12.0,211248.0,"Unreliable"""
280,"280,280,""","St. Landry Parish"","" LA""""","22097""""",14.0,328399.0,"Unreliable"""
281,"281,281,""","St. Mary Parish"","" LA""""","22101""""",16.0,195684.0,"Unreliable"""
282,"282,282,""","St. Tammany Parish"","" LA""""","22103""""",25.0,1051364.0,"2.4"""
283,"283,283,""","Tangipahoa Parish"","" LA""""","22105""""",31.0,540517.0,"5.7"""
284,"284,284,""","Terrebonne Parish"","" LA""""","22109""""",23.0,440049.0,"5.2"""
285,"285,285,""","Vernon Parish"","" LA""""","22115""""",12.0,192210.0,"Unreliable"""
286,"286,286,""","Androscoggin County"","" ME""""","23001""""",17.0,435537.0,"Unreliable"""
287,"287,287,""","Cumberland County"","" ME""""","23005""""",23.0,1191902.0,"1.9"""
288,"288,288,""","Kennebec County"","" ME""""","23011""""",20.0,491826.0,"4.1"""
289,"289,289,""","Penobscot County"","" ME""""","23019""""",13.0,607664.0,"Unreliable"""
290,"290,290,""","York County"","" ME""""","23031""""",26.0,837527.0,"3.1"""
291,"291,291,""","Allegany County"","" MD""""","24001""""",10.0,279177.0,"Unreliable"""
292,"292,292,""","Anne Arundel County"","" MD""""","24003""""",66.0,2328378.0,"2.8"""
293,"293,293,""","Baltimore County"","" MD""""","24005""""",162.0,3331134.0,"4.9"""
294,"294,294,""","Carroll County"","" MD""""","24013""""",14.0,679841.0,"Unreliable"""
295,"295,295,""","Cecil County"","" MD""""","24015""""",19.0,413005.0,"Unreliable"""
296,"296,296,""","Charles County"","" MD""""","24017""""",31.0,657894.0,"4.7"""
297,"297,297,""","Frederick County"","" MD""""","24021""""",34.0,1060191.0,"3.2"""
298,"298,298,""","Harford County"","" MD""""","24025""""",37.0,1029179.0,"3.6"""
299,"299,299,""","Howard County"","" MD""""","24027""""",54.0,1311615.0,"4.1"""
300,"300,300,""","Montgomery County"","" MD""""","24031""""",144.0,4209898.0,"3.4"""
301,"301,301,""","Prince George's County"","" MD""""","24033""""",196.0,3683553.0,"5.3"""
302,"302,302,""","St. Mary's County"","" MD""""","24037""""",19.0,455329.0,"Unreliable"""
303,"303,303,""","Washington County"","" MD""""","24043""""",19.0,608058.0,"Unreliable"""
304,"304,304,""","Wicomico County"","" MD""""","24045""""",21.0,414774.0,"5.1"""
305,"305,305,""","Baltimore city"","" MD""""","24510""""",169.0,2358614.0,"7.2"""
306,"306,306,""","Berkshire County"","" MA""""","25003""""",15.0,504520.0,"Unreliable"""
307,"307,307,""","Bristol County"","" MA""""","25005""""",69.0,2276168.0,"3.0"""
308,"308,308,""","Essex County"","" MA""""","25009""""",82.0,3178009.0,"2.6"""
309,"309,309,""","Hampden County"","" MA""""","25013""""",66.0,1863482.0,"3.5"""
310,"310,310,""","Hampshire County"","" MA""""","25015""""",11.0,645158.0,"Unreliable"""
311,"311,311,""","Middlesex County"","" MA""""","25017""""",118.0,6450534.0,"1.8"""
312,"312,312,""","Norfolk County"","" MA""""","25021""""",47.0,2846077.0,"1.7"""
313,"313,313,""","Plymouth County"","" MA""""","25023""""",45.0,2096075.0,"2.1"""
314,"314,314,""","Suffolk County"","" MA""""","25025""""",97.0,3183986.0,"3.0"""
315,"315,315,""","Worcester County"","" MA""""","25027""""",90.0,3352702.0,"2.7"""
316,"316,316,""","Allegan County"","" MI""""","26005""""",16.0,475285.0,"Unreliable"""
317,"317,317,""","Barry County"","" MI""""","26015""""",11.0,247760.0,"Unreliable"""
318,"318,318,""","Berrien County"","" MI""""","26021""""",31.0,613668.0,"5.1"""
319,"319,319,""","Calhoun County"","" MI""""","26025""""",21.0,536045.0,"3.9"""
320,"320,320,""","Eaton County"","" MI""""","26045""""",11.0,439186.0,"Unreliable"""
321,"321,321,""","Genesee County"","" MI""""","26049""""",59.0,1621707.0,"3.6"""
322,"322,322,""","Ingham County"","" MI""""","26065""""",42.0,1159784.0,"3.6"""
323,"323,323,""","Isabella County"","" MI""""","26073""""",11.0,274751.0,"Unreliable"""
324,"324,324,""","Jackson County"","" MI""""","26075""""",26.0,634303.0,"4.1"""
325,"325,325,""","Kalamazoo County"","" MI""""","26077""""",33.0,1057032.0,"3.1"""
326,"326,326,""","Kent County"","" MI""""","26081""""",100.0,2627495.0,"3.8"""
327,"327,327,""","Lapeer County"","" MI""""","26087""""",11.0,351783.0,"Unreliable"""
328,"328,328,""","Livingston County"","" MI""""","26093""""",11.0,770568.0,"Unreliable"""
329,"329,329,""","Macomb County"","" MI""""","26099""""",126.0,3496314.0,"3.6"""
330,"330,330,""","Monroe County"","" MI""""","26115""""",20.0,606781.0,"3.3"""
331,"331,331,""","Muskegon County"","" MI""""","26121""""",26.0,697548.0,"3.7"""
332,"332,332,""","Oakland County"","" MI""""","26125""""",175.0,5040261.0,"3.5"""
333,"333,333,""","Ottawa County"","" MI""""","26139""""",29.0,1176116.0,"2.5"""
334,"334,334,""","Saginaw County"","" MI""""","26145""""",42.0,760798.0,"5.5"""
335,"335,335,""","St. Clair County"","" MI""""","26147""""",19.0,637811.0,"Unreliable"""
336,"336,336,""","Washtenaw County"","" MI""""","26161""""",46.0,1474427.0,"3.1"""
337,"337,337,""","Wayne County"","" MI""""","26163""""",513.0,7018675.0,"7.3"""
338,"338,338,""","Anoka County"","" MN""""","27003""""",36.0,1437673.0,"2.5"""
339,"339,339,""","Benton County"","" MN""""","27009""""",11.0,163851.0,"Unreliable"""
340,"340,340,""","Carver County"","" MN""""","27019""""",11.0,423831.0,"Unreliable"""
341,"341,341,""","Dakota County"","" MN""""","27037""""",40.0,1728289.0,"2.3"""
342,"342,342,""","Hennepin County"","" MN""""","27053""""",165.0,5061095.0,"3.3"""
343,"343,343,""","Mower County"","" MN""""","27099""""",10.0,160381.0,"Unreliable"""
344,"344,344,""","Olmsted County"","" MN""""","27109""""",23.0,637304.0,"3.6"""
345,"345,345,""","Ramsey County"","" MN""""","27123""""",87.0,2191691.0,"4.0"""
346,"346,346,""","St. Louis County"","" MN""""","27137""""",21.0,796544.0,"2.6"""
347,"347,347,""","Scott County"","" MN""""","27139""""",12.0,600351.0,"Unreliable"""
348,"348,348,""","Sherburne County"","" MN""""","27141""""",10.0,391159.0,"Unreliable"""
349,"349,349,""","Stearns County"","" MN""""","27145""""",17.0,641316.0,"Unreliable"""
350,"350,350,""","Washington County"","" MN""""","27163""""",20.0,1059373.0,"1.9"""
351,"351,351,""","Wright County"","" MN""""","27171""""",10.0,559820.0,"Unreliable"""
352,"352,352,""","Bolivar County"","" MS""""","28011""""",11.0,122411.0,"Unreliable"""
353,"353,353,""","DeSoto County"","" MS""""","28033""""",43.0,743854.0,"5.8"""
354,"354,354,""","Forrest County"","" MS""""","28035""""",19.0,302817.0,"Unreliable"""
355,"355,355,""","Harrison County"","" MS""""","28047""""",33.0,832927.0,"4.0"""
356,"356,356,""","Hinds County"","" MS""""","28049""""",61.0,919570.0,"6.6"""
357,"357,357,""","Jackson County"","" MS""""","28059""""",25.0,574683.0,"4.4"""
358,"358,358,""","Jones County"","" MS""""","28067""""",22.0,271296.0,"8.1"""
359,"359,359,""","Lauderdale County"","" MS""""","28075""""",20.0,295281.0,"6.8"""
360,"360,360,""","Lee County"","" MS""""","28081""""",22.0,338987.0,"6.5"""
361,"361,361,""","Lowndes County"","" MS""""","28087""""",20.0,233984.0,"8.5"""
362,"362,362,""","Madison County"","" MS""""","28089""""",12.0,428586.0,"Unreliable"""
363,"363,363,""","Monroe County"","" MS""""","28095""""",10.0,139822.0,"Unreliable"""
364,"364,364,""","Oktibbeha County"","" MS""""","28105""""",10.0,200817.0,"Unreliable"""
365,"365,365,""","Panola County"","" MS""""","28107""""",10.0,135069.0,"Unreliable"""
366,"366,366,""","Pearl River County"","" MS""""","28109""""",11.0,223301.0,"Unreliable"""
367,"367,367,""","Rankin County"","" MS""""","28121""""",19.0,623244.0,"Unreliable"""
368,"368,368,""","Scott County"","" MS""""","28123""""",13.0,112070.0,"Unreliable"""
369,"369,369,""","Warren County"","" MS""""","28149""""",10.0,179977.0,"Unreliable"""
370,"370,370,""","Washington County"","" MS""""","28151""""",13.0,175496.0,"Unreliable"""
371,"371,371,""","Yazoo County"","" MS""""","28163""""",11.0,111293.0,"Unreliable"""
372,"372,372,""","Boone County"","" MO""""","29019""""",28.0,729299.0,"3.8"""
373,"373,373,""","Buchanan County"","" MO""""","29021""""",21.0,346318.0,"6.1"""
374,"374,374,""","Cape Girardeau County"","" MO""""","29031""""",15.0,319249.0,"Unreliable"""
375,"375,375,""","Cass County"","" MO""""","29037""""",10.0,427178.0,"Unreliable"""
376,"376,376,""","Clay County"","" MO""""","29047""""",36.0,1005294.0,"3.6"""
377,"377,377,""","Franklin County"","" MO""""","29071""""",14.0,417337.0,"Unreliable"""
378,"378,378,""","Greene County"","" MO""""","29077""""",47.0,1180871.0,"4.0"""
379,"379,379,""","Jackson County"","" MO""""","29095""""",112.0,2826105.0,"4.0"""
380,"380,380,""","Jasper County"","" MO""""","29097""""",18.0,486767.0,"Unreliable"""
381,"381,381,""","Jefferson County"","" MO""""","29099""""",22.0,903742.0,"2.4"""
382,"382,382,""","Platte County"","" MO""""","29165""""",16.0,422504.0,"Unreliable"""
383,"383,383,""","St. Charles County"","" MO""""","29183""""",44.0,1617389.0,"2.7"""
384,"384,384,""","St. Francois County"","" MO""""","29187""""",11.0,267933.0,"Unreliable"""
385,"385,385,""","St. Louis County"","" MO""""","29189""""",154.0,3982357.0,"3.9"""
386,"386,386,""","Taney County"","" MO""""","29213""""",10.0,224271.0,"Unreliable"""
387,"387,387,""","St. Louis city"","" MO""""","29510""""",80.0,1194369.0,"6.7"""
388,"388,388,""","Cascade County"","" MT""""","30013""""",11.0,328866.0,"Unreliable"""
389,"389,389,""","Flathead County"","" MT""""","30029""""",11.0,420217.0,"Unreliable"""
390,"390,390,""","Yellowstone County"","" MT""""","30111""""",19.0,651573.0,"Unreliable"""
391,"391,391,""","Douglas County"","" NE""""","31055""""",113.0,2297547.0,"4.9"""
392,"392,392,""","Hall County"","" NE""""","31079""""",17.0,245967.0,"Unreliable"""
393,"393,393,""","Lancaster County"","" NE""""","31109""""",38.0,1281526.0,"3.0"""
394,"394,394,""","Sarpy County"","" NE""""","31153""""",16.0,753929.0,"Unreliable"""
395,"395,395,""","Clark County"","" NV""""","32003""""",253.0,9106801.0,"2.8"""
396,"396,396,""","Washoe County"","" NV""""","32031""""",71.0,1907728.0,"3.7"""
397,"397,397,""","Carson City"","" NV""""","32510""""",12.0,226357.0,"Unreliable"""
398,"398,398,""","Hillsborough County"","" NH""""","33011""""",40.0,1675086.0,"2.4"""
399,"399,399,""","Merrimack County"","" NH""""","33013""""",13.0,610383.0,"Unreliable"""
400,"400,400,""","Rockingham County"","" NH""""","33015""""",18.0,1247199.0,"Unreliable"""
401,"401,401,""","Strafford County"","" NH""""","33017""""",14.0,524672.0,"Unreliable"""
402,"402,402,""","Atlantic County"","" NJ""""","34001""""",47.0,1067010.0,"4.4"""
403,"403,403,""","Bergen County"","" NJ""""","34003""""",72.0,3753107.0,"1.9"""
404,"404,404,""","Burlington County"","" NJ""""","34005""""",46.0,1801598.0,"2.6"""
405,"405,405,""","Camden County"","" NJ""""","34007""""",93.0,2044129.0,"4.5"""
406,"406,406,""","Cumberland County"","" NJ""""","34011""""",32.0,601134.0,"5.3"""
407,"407,407,""","Essex County"","" NJ""""","34013""""",116.0,3254160.0,"3.6"""
408,"408,408,""","Gloucester County"","" NJ""""","34015""""",29.0,1180766.0,"2.5"""
409,"409,409,""","Hudson County"","" NJ""""","34017""""",66.0,2722581.0,"2.4"""
410,"410,410,""","Hunterdon County"","" NJ""""","34019""""",10.0,503806.0,"Unreliable"""
411,"411,411,""","Mercer County"","" NJ""""","34021""""",51.0,1490378.0,"3.4"""
412,"412,412,""","Middlesex County"","" NJ""""","34023""""",89.0,3338290.0,"2.7"""
413,"413,413,""","Monmouth County"","" NJ""""","34025""""",45.0,2503884.0,"1.8"""
414,"414,414,""","Morris County"","" NJ""""","34027""""",30.0,1988141.0,"1.5"""
415,"415,415,""","Ocean County"","" NJ""""","34029""""",53.0,2472072.0,"2.1"""
416,"416,416,""","Passaic County"","" NJ""""","34031""""",59.0,2023635.0,"2.9"""
417,"417,417,""","Salem County"","" NJ""""","34033""""",12.0,252489.0,"Unreliable"""
418,"418,418,""","Somerset County"","" NJ""""","34035""""",35.0,1335076.0,"2.6"""
419,"419,419,""","Union County"","" NJ""""","34039""""",61.0,2241916.0,"2.7"""
420,"420,420,""","Warren County"","" NJ""""","34041""""",13.0,427401.0,"Unreliable"""
421,"421,421,""","Bernalillo County"","" NM""""","35001""""",75.0,2713881.0,"2.8"""
422,"422,422,""","Chaves County"","" NM""""","35005""""",13.0,258644.0,"Unreliable"""
423,"423,423,""","Curry County"","" NM""""","35009""""",10.0,195183.0,"Unreliable"""
424,"424,424,""","Dona Ana County"","" NM""""","35013""""",26.0,878487.0,"3.0"""
425,"425,425,""","Eddy County"","" NM""""","35015""""",12.0,235689.0,"Unreliable"""
426,"426,426,""","McKinley County"","" NM""""","35031""""",13.0,286261.0,"Unreliable"""
427,"427,427,""","Otero County"","" NM""""","35035""""",16.0,270775.0,"Unreliable"""
428,"428,428,""","Sandoval County"","" NM""""","35043""""",12.0,592200.0,"Unreliable"""
429,"429,429,""","San Juan County"","" NM""""","35045""""",23.0,493306.0,"4.7"""
430,"430,430,""","Valencia County"","" NM""""","35061""""",13.0,307908.0,"Unreliable"""
431,"431,431,""","Albany County"","" NY""""","36001""""",43.0,1230020.0,"3.5"""
432,"432,432,""","Bronx County"","" NY""""","36005""""",212.0,5676429.0,"3.7"""
433,"433,433,""","Broome County"","" NY""""","36007""""",11.0,768807.0,"Unreliable"""
434,"434,434,""","Chautauqua County"","" NY""""","36013""""",21.0,507681.0,"4.1"""
435,"435,435,""","Chemung County"","" NY""""","36015""""",11.0,333377.0,"Unreliable"""
436,"436,436,""","Dutchess County"","" NY""""","36027""""",23.0,1178341.0,"2.0"""
437,"437,437,""","Erie County"","" NY""""","36029""""",148.0,3706345.0,"4.0"""
438,"438,438,""","Jefferson County"","" NY""""","36045""""",14.0,445979.0,"Unreliable"""
439,"439,439,""","Kings County"","" NY""""","36047""""",292.0,10322719.0,"2.8"""
440,"440,440,""","Monroe County"","" NY""""","36055""""",129.0,2980304.0,"4.3"""
441,"441,441,""","Montgomery County"","" NY""""","36057""""",11.0,197404.0,"Unreliable"""
442,"442,442,""","Nassau County"","" NY""""","36059""""",108.0,5457508.0,"2.0"""
443,"443,443,""","New York County"","" NY""""","36061""""",116.0,6446272.0,"1.8"""
444,"444,444,""","Niagara County"","" NY""""","36063""""",31.0,839763.0,"3.7"""
445,"445,445,""","Oneida County"","" NY""""","36065""""",43.0,915868.0,"4.7"""
446,"446,446,""","Onondaga County"","" NY""""","36067""""",79.0,1854787.0,"4.3"""
447,"447,447,""","Ontario County"","" NY""""","36069""""",16.0,442240.0,"Unreliable"""
448,"448,448,""","Orange County"","" NY""""","36071""""",56.0,1556650.0,"3.6"""
449,"449,449,""","Oswego County"","" NY""""","36075""""",14.0,468755.0,"Unreliable"""
450,"450,450,""","Queens County"","" NY""""","36081""""",231.0,9089728.0,"2.5"""
451,"451,451,""","Rensselaer County"","" NY""""","36083""""",25.0,636496.0,"3.9"""
452,"452,452,""","Richmond County"","" NY""""","36085""""",53.0,1921143.0,"2.8"""
453,"453,453,""","Rockland County"","" NY""""","36087""""",33.0,1316936.0,"2.5"""
454,"454,454,""","St. Lawrence County"","" NY""""","36089""""",10.0,431023.0,"Unreliable"""
455,"455,455,""","Saratoga County"","" NY""""","36091""""",15.0,927683.0,"Unreliable"""
456,"456,456,""","Schenectady County"","" NY""""","36093""""",35.0,624096.0,"5.6"""
457,"457,457,""","Steuben County"","" NY""""","36101""""",13.0,378780.0,"Unreliable"""
458,"458,458,""","Suffolk County"","" NY""""","36103""""",155.0,5958311.0,"2.6"""
459,"459,459,""","Ulster County"","" NY""""","36111""""",14.0,716839.0,"Unreliable"""
460,"460,460,""","Wayne County"","" NY""""","36117""""",18.0,360244.0,"Unreliable"""
461,"461,461,""","Westchester County"","" NY""""","36119""""",76.0,3898815.0,"1.9"""
462,"462,462,""","Alamance County"","" NC""""","37001""""",25.0,681168.0,"3.7"""
463,"463,463,""","Brunswick County"","" NC""""","37019""""",17.0,572818.0,"Unreliable"""
464,"464,464,""","Buncombe County"","" NC""""","37021""""",26.0,1055305.0,"2.5"""
465,"465,465,""","Burke County"","" NC""""","37023""""",15.0,358896.0,"Unreliable"""
466,"466,466,""","Cabarrus County"","" NC""""","37025""""",29.0,880552.0,"3.3"""
467,"467,467,""","Caldwell County"","" NC""""","37027""""",14.0,326770.0,"Unreliable"""
468,"468,468,""","Catawba County"","" NC""""","37035""""",24.0,640233.0,"3.7"""
469,"469,469,""","Chatham County"","" NC""""","37037""""",15.0,301246.0,"Unreliable"""
470,"470,470,""","Cleveland County"","" NC""""","37045""""",16.0,394986.0,"Unreliable"""
471,"471,471,""","Columbus County"","" NC""""","37047""""",11.0,216009.0,"Unreliable"""
472,"472,472,""","Craven County"","" NC""""","37049""""",21.0,406958.0,"5.2"""
473,"473,473,""","Cumberland County"","" NC""""","37051""""",101.0,1339711.0,"7.5"""
474,"474,474,""","Davidson County"","" NC""""","37057""""",16.0,674094.0,"Unreliable"""
475,"475,475,""","Duplin County"","" NC""""","37061""""",12.0,224906.0,"Unreliable"""
476,"476,476,""","Durham County"","" NC""""","37063""""",51.0,1291659.0,"3.9"""
477,"477,477,""","Edgecombe County"","" NC""""","37065""""",16.0,202665.0,"Unreliable"""
478,"478,478,""","Forsyth County"","" NC""""","37067""""",84.0,1530760.0,"5.5"""
479,"479,479,""","Franklin County"","" NC""""","37069""""",16.0,280807.0,"Unreliable"""
480,"480,480,""","Gaston County"","" NC""""","37071""""",40.0,904799.0,"4.4"""
481,"481,481,""","Guilford County"","" NC""""","37081""""",127.0,2153775.0,"5.9"""
482,"482,482,""","Halifax County"","" NC""""","37083""""",20.0,198335.0,"10.1"""
483,"483,483,""","Harnett County"","" NC""""","37085""""",24.0,543214.0,"4.4"""
484,"484,484,""","Henderson County"","" NC""""","37089""""",12.0,469439.0,"Unreliable"""
485,"485,485,""","Hoke County"","" NC""""","37093""""",21.0,218942.0,"9.6"""
486,"486,486,""","Iredell County"","" NC""""","37097""""",29.0,737979.0,"3.9"""
487,"487,487,""","Johnston County"","" NC""""","37101""""",33.0,854764.0,"3.9"""
488,"488,488,""","Lee County"","" NC""""","37105""""",14.0,249722.0,"Unreliable"""
489,"489,489,""","Lenoir County"","" NC""""","37107""""",22.0,222351.0,"9.9"""
490,"490,490,""","Lincoln County"","" NC""""","37109""""",11.0,347648.0,"Unreliable"""
491,"491,491,""","Mecklenburg County"","" NC""""","37119""""",173.0,4455478.0,"3.9"""
492,"492,492,""","Moore County"","" NC""""","37125""""",12.0,405677.0,"Unreliable"""
493,"493,493,""","Nash County"","" NC""""","37127""""",13.0,378349.0,"Unreliable"""
494,"494,494,""","New Hanover County"","" NC""""","37129""""",23.0,932378.0,"2.5"""
495,"495,495,""","Onslow County"","" NC""""","37133""""",38.0,805724.0,"4.7"""
496,"496,496,""","Orange County"","" NC""""","37135""""",23.0,592464.0,"3.9"""
497,"497,497,""","Pasquotank County"","" NC""""","37139""""",10.0,160656.0,"Unreliable"""
498,"498,498,""","Pitt County"","" NC""""","37147""""",64.0,715749.0,"8.9"""
499,"499,499,""","Randolph County"","" NC""""","37151""""",25.0,576747.0,"4.3"""
500,"500,500,""","Richmond County"","" NC""""","37153""""",12.0,176772.0,"Unreliable"""
501,"501,501,""","Robeson County"","" NC""""","37155""""",39.0,508783.0,"7.7"""
502,"502,502,""","Rockingham County"","" NC""""","37157""""",17.0,364251.0,"Unreliable"""
503,"503,503,""","Rowan County"","" NC""""","37159""""",19.0,573995.0,"Unreliable"""
504,"504,504,""","Rutherford County"","" NC""""","37161""""",12.0,265517.0,"Unreliable"""
505,"505,505,""","Union County"","" NC""""","37179""""",25.0,963977.0,"2.6"""
506,"506,506,""","Vance County"","" NC""""","37181""""",12.0,176020.0,"Unreliable"""
507,"507,507,""","Wake County"","" NC""""","37183""""",188.0,4486541.0,"4.2"""
508,"508,508,""","Wayne County"","" NC""""","37191""""",40.0,487181.0,"8.2"""
509,"509,509,""","Wilson County"","" NC""""","37195""""",27.0,323604.0,"8.3"""
510,"510,510,""","Burleigh County"","" ND""""","38015""""",10.0,386044.0,"Unreliable"""
511,"511,511,""","Cass County"","" ND""""","38017""""",24.0,733905.0,"3.3"""
512,"512,512,""","Ward County"","" ND""""","38101""""",12.0,272922.0,"Unreliable"""
513,"513,513,""","Allen County"","" OH""""","39003""""",16.0,408664.0,"Unreliable"""
514,"514,514,""","Ashtabula County"","" OH""""","39007""""",14.0,388584.0,"Unreliable"""
515,"515,515,""","Butler County"","" OH""""","39017""""",83.0,1541394.0,"5.4"""
516,"516,516,""","Clark County"","" OH""""","39023""""",13.0,537894.0,"Unreliable"""
517,"517,517,""","Clermont County"","" OH""""","39025""""",31.0,828985.0,"3.7"""
518,"518,518,""","Columbiana County"","" OH""""","39029""""",14.0,406976.0,"Unreliable"""
519,"519,519,""","Cuyahoga County"","" OH""""","39035""""",280.0,4956199.0,"5.6"""
520,"520,520,""","Delaware County"","" OH""""","39041""""",14.0,848297.0,"Unreliable"""
521,"521,521,""","Erie County"","" OH""""","39043""""",20.0,297452.0,"6.7"""
522,"522,522,""","Fairfield County"","" OH""""","39045""""",25.0,634129.0,"3.9"""
523,"523,523,""","Franklin County"","" OH""""","39049""""",301.0,5273094.0,"5.7"""
524,"524,524,""","Greene County"","" OH""""","39057""""",22.0,675466.0,"3.3"""
525,"525,525,""","Hamilton County"","" OH""""","39061""""",191.0,3278281.0,"5.8"""
526,"526,526,""","Hancock County"","" OH""""","39063""""",10.0,301776.0,"Unreliable"""
527,"527,527,""","Huron County"","" OH""""","39077""""",10.0,233116.0,"Unreliable"""
528,"528,528,""","Lake County"","" OH""""","39085""""",20.0,922255.0,"2.2"""
529,"529,529,""","Licking County"","" OH""""","39089""""",30.0,711132.0,"4.2"""
530,"530,530,""","Lorain County"","" OH""""","39093""""",43.0,1247061.0,"3.4"""
531,"531,531,""","Lucas County"","" OH""""","39095""""",99.0,1715732.0,"5.8"""
532,"532,532,""","Mahoning County"","" OH""""","39099""""",40.0,911162.0,"4.4"""
533,"533,533,""","Medina County"","" OH""""","39103""""",11.0,722896.0,"Unreliable"""
534,"534,534,""","Miami County"","" OH""""","39109""""",20.0,429989.0,"4.7"""
535,"535,535,""","Montgomery County"","" OH""""","39113""""",130.0,2131468.0,"6.1"""
536,"536,536,""","Muskingum County"","" OH""""","39119""""",17.0,344826.0,"Unreliable"""
537,"537,537,""","Pickaway County"","" OH""""","39129""""",13.0,234534.0,"Unreliable"""
538,"538,538,""","Portage County"","" OH""""","39133""""",22.0,650358.0,"3.4"""
539,"539,539,""","Richland County"","" OH""""","39139""""",24.0,488339.0,"4.9"""
540,"540,540,""","Ross County"","" OH""""","39141""""",10.0,306908.0,"Unreliable"""
541,"541,541,""","Scioto County"","" OH""""","39145""""",10.0,298509.0,"Unreliable"""
542,"542,542,""","Stark County"","" OH""""","39151""""",45.0,1485786.0,"3.0"""
543,"543,543,""","Summit County"","" OH""""","39153""""",68.0,2159430.0,"3.1"""
544,"544,544,""","Trumbull County"","" OH""""","39155""""",29.0,794736.0,"3.6"""
545,"545,545,""","Tuscarawas County"","" OH""""","39157""""",10.0,368439.0,"Unreliable"""
546,"546,546,""","Warren County"","" OH""""","39165""""",21.0,951740.0,"2.2"""
547,"547,547,""","Wayne County"","" OH""""","39169""""",25.0,464081.0,"5.4"""
548,"548,548,""","Wood County"","" OH""""","39173""""",16.0,525098.0,"Unreliable"""
549,"549,549,""","Bryan County"","" OK""""","40013""""",10.0,191290.0,"Unreliable"""
550,"550,550,""","Canadian County"","" OK""""","40017""""",20.0,607682.0,"3.3"""
551,"551,551,""","Cleveland County"","" OK""""","40027""""",45.0,1150346.0,"3.9"""
552,"552,552,""","Comanche County"","" OK""""","40031""""",24.0,484333.0,"5.0"""
553,"553,553,""","Creek County"","" OK""""","40037""""",14.0,286640.0,"Unreliable"""
554,"554,554,""","Garfield County"","" OK""""","40047""""",19.0,244764.0,"Unreliable"""
555,"555,555,""","Muskogee County"","" OK""""","40101""""",15.0,270115.0,"Unreliable"""
556,"556,556,""","Oklahoma County"","" OK""""","40109""""",149.0,3192632.0,"4.7"""
557,"557,557,""","Pottawatomie County"","" OK""""","40125""""",10.0,291288.0,"Unreliable"""
558,"558,558,""","Stephens County"","" OK""""","40137""""",11.0,172637.0,"Unreliable"""
559,"559,559,""","Tulsa County"","" OK""""","40143""""",134.0,2630359.0,"5.1"""
560,"560,560,""","Clackamas County"","" OR""""","41005""""",43.0,1678395.0,"2.6"""
561,"561,561,""","Deschutes County"","" OR""""","41017""""",15.0,796258.0,"Unreliable"""
562,"562,562,""","Jackson County"","" OR""""","41029""""",19.0,886086.0,"Unreliable"""
563,"563,563,""","Lane County"","" OR""""","41039""""",27.0,1527853.0,"1.8"""
564,"564,564,""","Linn County"","" OR""""","41043""""",11.0,517977.0,"Unreliable"""
565,"565,565,""","Marion County"","" OR""""","41047""""",31.0,1391009.0,"2.2"""
566,"566,566,""","Multnomah County"","" OR""""","41051""""",83.0,3243749.0,"2.6"""
567,"567,567,""","Washington County"","" OR""""","41067""""",61.0,2403612.0,"2.5"""
568,"568,568,""","Yamhill County"","" OR""""","41071""""",12.0,430005.0,"Unreliable"""
569,"569,569,""","Allegheny County"","" PA""""","42003""""",216.0,4883945.0,"4.4"""
570,"570,570,""","Armstrong County"","" PA""""","42005""""",10.0,259253.0,"Unreliable"""
571,"571,571,""","Beaver County"","" PA""""","42007""""",20.0,657870.0,"3.0"""
572,"572,572,""","Berks County"","" PA""""","42011""""",62.0,1691675.0,"3.7"""
573,"573,573,""","Blair County"","" PA""""","42013""""",16.0,487095.0,"Unreliable"""
574,"574,574,""","Bucks County"","" PA""""","42017""""",44.0,2530550.0,"1.7"""
575,"575,575,""","Butler County"","" PA""""","42019""""",14.0,759149.0,"Unreliable"""
576,"576,576,""","Cambria County"","" PA""""","42021""""",10.0,522761.0,"Unreliable"""
577,"577,577,""","Centre County"","" PA""""","42027""""",14.0,644213.0,"Unreliable"""
578,"578,578,""","Chester County"","" PA""""","42029""""",47.0,2112443.0,"2.2"""
579,"579,579,""","Clearfield County"","" PA""""","42033""""",12.0,317337.0,"Unreliable"""
580,"580,580,""","Crawford County"","" PA""""","42039""""",12.0,336740.0,"Unreliable"""
581,"581,581,""","Cumberland County"","" PA""""","42041""""",32.0,1023569.0,"3.1"""
582,"582,582,""","Dauphin County"","" PA""""","42043""""",52.0,1122670.0,"4.6"""
583,"583,583,""","Delaware County"","" PA""""","42045""""",119.0,2272100.0,"5.2"""
584,"584,584,""","Erie County"","" PA""""","42049""""",48.0,1079226.0,"4.4"""
585,"585,585,""","Fayette County"","" PA""""","42051""""",20.0,514772.0,"3.9"""
586,"586,586,""","Franklin County"","" PA""""","42055""""",17.0,621788.0,"Unreliable"""
587,"587,587,""","Lackawanna County"","" PA""""","42069""""",25.0,845119.0,"3.0"""
588,"588,588,""","Lancaster County"","" PA""""","42071""""",71.0,2189125.0,"3.2"""
589,"589,589,""","Lawrence County"","" PA""""","42073""""",12.0,342276.0,"Unreliable"""
590,"590,590,""","Lebanon County"","" PA""""","42075""""",13.0,568263.0,"Unreliable"""
591,"591,591,""","Lehigh County"","" PA""""","42077""""",59.0,1483759.0,"4.0"""
592,"592,592,""","Luzerne County"","" PA""""","42079""""",38.0,1278098.0,"3.0"""
593,"593,593,""","Lycoming County"","" PA""""","42081""""",16.0,453777.0,"Unreliable"""
594,"594,594,""","Mercer County"","" PA""""","42085""""",13.0,438624.0,"Unreliable"""
595,"595,595,""","Monroe County"","" PA""""","42089""""",16.0,679205.0,"Unreliable"""
596,"596,596,""","Montgomery County"","" PA""""","42091""""",81.0,3353966.0,"2.4"""
597,"597,597,""","Northampton County"","" PA""""","42095""""",27.0,1229612.0,"2.2"""
598,"598,598,""","Northumberland County"","" PA""""","42097""""",14.0,363450.0,"Unreliable"""
599,"599,599,""","Philadelphia County"","" PA""""","42101""""",355.0,6322940.0,"5.6"""
600,"600,600,""","Schuylkill County"","" PA""""","42107""""",19.0,567399.0,"Unreliable"""
601,"601,601,""","Washington County"","" PA""""","42125""""",16.0,830484.0,"Unreliable"""
602,"602,602,""","Westmoreland County"","" PA""""","42129""""",50.0,1399654.0,"3.6"""
603,"603,603,""","York County"","" PA""""","42133""""",50.0,1806475.0,"2.8"""
604,"604,604,""","Kent County"","" RI""""","44003""""",16.0,663514.0,"Unreliable"""
605,"605,605,""","Providence County"","" RI""""","44007""""",97.0,2569783.0,"3.8"""
606,"606,606,""","Abbeville County"","" SC""""","45001""""",10.0,97771.0,"Unreliable"""
607,"607,607,""","Aiken County"","" SC""""","45003""""",27.0,683944.0,"3.9"""
608,"608,608,""","Anderson County"","" SC""""","45007""""",39.0,814301.0,"4.8"""
609,"609,609,""","Beaufort County"","" SC""""","45013""""",20.0,768241.0,"2.6"""
610,"610,610,""","Berkeley County"","" SC""""","45015""""",34.0,921686.0,"3.7"""
611,"611,611,""","Charleston County"","" SC""""","45019""""",78.0,1648316.0,"4.7"""
612,"612,612,""","Cherokee County"","" SC""""","45021""""",14.0,227746.0,"Unreliable"""
613,"613,613,""","Chesterfield County"","" SC""""","45025""""",11.0,180278.0,"Unreliable"""
614,"614,614,""","Darlington County"","" SC""""","45031""""",14.0,262684.0,"Unreliable"""
615,"615,615,""","Dorchester County"","" SC""""","45035""""",21.0,652520.0,"3.2"""
616,"616,616,""","Florence County"","" SC""""","45041""""",48.0,550544.0,"8.7"""
617,"617,617,""","Greenville County"","" SC""""","45045""""",78.0,2104075.0,"3.7"""
618,"618,618,""","Greenwood County"","" SC""""","45047""""",14.0,281867.0,"Unreliable"""
619,"619,619,""","Horry County"","" SC""""","45051""""",54.0,1429256.0,"3.8"""
620,"620,620,""","Kershaw County"","" SC""""","45055""""",12.0,265745.0,"Unreliable"""
621,"621,621,""","Lancaster County"","" SC""""","45057""""",10.0,394654.0,"Unreliable"""
622,"622,622,""","Laurens County"","" SC""""","45059""""",13.0,270173.0,"Unreliable"""
623,"623,623,""","Lexington County"","" SC""""","45063""""",44.0,1197865.0,"3.7"""
624,"624,624,""","Marion County"","" SC""""","45067""""",14.0,120638.0,"Unreliable"""
625,"625,625,""","Newberry County"","" SC""""","45071""""",12.0,153401.0,"Unreliable"""
626,"626,626,""","Orangeburg County"","" SC""""","45075""""",40.0,341414.0,"11.7"""
627,"627,627,""","Pickens County"","" SC""""","45077""""",12.0,512033.0,"Unreliable"""
628,"628,628,""","Richland County"","" SC""""","45079""""",81.0,1667693.0,"4.9"""
629,"629,629,""","Spartanburg County"","" SC""""","45083""""",49.0,1295742.0,"3.8"""
630,"630,630,""","Sumter County"","" SC""""","45085""""",23.0,424351.0,"5.4"""
631,"631,631,""","York County"","" SC""""","45091""""",32.0,1132797.0,"2.8"""
632,"632,632,""","Minnehaha County"","" SD""""","46099""""",42.0,782354.0,"5.4"""
633,"633,633,""","Pennington County"","" SD""""","46103""""",19.0,453236.0,"Unreliable"""
634,"634,634,""","Bedford County"","" TN""""","47003""""",11.0,200049.0,"Unreliable"""
635,"635,635,""","Bradley County"","" TN""""","47011""""",10.0,434070.0,"Unreliable"""
636,"636,636,""","Coffee County"","" TN""""","47031""""",12.0,228884.0,"Unreliable"""
637,"637,637,""","Davidson County"","" TN""""","47037""""",158.0,2784860.0,"5.7"""
638,"638,638,""","Hamblen County"","" TN""""","47063""""",15.0,259081.0,"Unreliable"""
639,"639,639,""","Hamilton County"","" TN""""","47065""""",59.0,1472887.0,"4.0"""
640,"640,640,""","Knox County"","" TN""""","47093""""",65.0,1897888.0,"3.4"""
641,"641,641,""","Lauderdale County"","" TN""""","47097""""",11.0,102017.0,"Unreliable"""
642,"642,642,""","Lincoln County"","" TN""""","47103""""",10.0,138456.0,"Unreliable"""
643,"643,643,""","Madison County"","" TN""""","47113""""",21.0,392724.0,"5.3"""
644,"644,644,""","Montgomery County"","" TN""""","47125""""",52.0,857094.0,"6.1"""
645,"645,645,""","Robertson County"","" TN""""","47147""""",19.0,289198.0,"Unreliable"""
646,"646,646,""","Rutherford County"","" TN""""","47149""""",53.0,1348618.0,"3.9"""
647,"647,647,""","Shelby County"","" TN""""","47157""""",254.0,3733401.0,"6.8"""
648,"648,648,""","Sullivan County"","" TN""""","47163""""",17.0,634036.0,"Unreliable"""
649,"649,649,""","Sumner County"","" TN""""","47165""""",17.0,774550.0,"Unreliable"""
650,"650,650,""","Washington County"","" TN""""","47179""""",18.0,522585.0,"Unreliable"""
651,"651,651,""","Williamson County"","" TN""""","47187""""",11.0,971224.0,"Unreliable"""
652,"652,652,""","Wilson County"","" TN""""","47189""""",15.0,585329.0,"Unreliable"""
653,"653,653,""","Angelina County"","" TX""""","48005""""",13.0,347109.0,"Unreliable"""
654,"654,654,""","Bell County"","" TX""""","48027""""",86.0,1468110.0,"5.9"""
655,"655,655,""","Bexar County"","" TX""""","48029""""",360.0,8044662.0,"4.5"""
656,"656,656,""","Bowie County"","" TX""""","48037""""",21.0,373631.0,"5.6"""
657,"657,657,""","Brazoria County"","" TX""""","48039""""",48.0,1504671.0,"3.2"""
658,"658,658,""","Brazos County"","" TX""""","48041""""",25.0,925556.0,"2.7"""
659,"659,659,""","Cameron County"","" TX""""","48061""""",62.0,1694280.0,"3.7"""
660,"660,660,""","Collin County"","" TX""""","48085""""",108.0,4221407.0,"2.6"""
661,"661,661,""","Comal County"","" TX""""","48091""""",25.0,644380.0,"3.9"""
662,"662,662,""","Coryell County"","" TX""""","48099""""",11.0,311728.0,"Unreliable"""
663,"663,663,""","Dallas County"","" TX""""","48113""""",557.0,10495226.0,"5.3"""
664,"664,664,""","Denton County"","" TX""""","48121""""",96.0,3607242.0,"2.7"""
665,"665,665,""","Ector County"","" TX""""","48135""""",38.0,657139.0,"5.8"""
666,"666,666,""","Ellis County"","" TX""""","48139""""",15.0,758700.0,"Unreliable"""
667,"667,667,""","El Paso County"","" TX""""","48141""""",103.0,3389229.0,"3.0"""
668,"668,668,""","Fort Bend County"","" TX""""","48157""""",106.0,3297779.0,"3.2"""
669,"669,669,""","Galveston County"","" TX""""","48167""""",41.0,1380180.0,"3.0"""
670,"670,670,""","Grayson County"","" TX""""","48181""""",18.0,547857.0,"Unreliable"""
671,"671,671,""","Gregg County"","" TX""""","48183""""",26.0,496082.0,"5.2"""
672,"672,672,""","Guadalupe County"","" TX""""","48187""""",22.0,678185.0,"3.2"""
673,"673,673,""","Harris County"","" TX""""","48201""""",846.0,18878227.0,"4.5"""
674,"674,674,""","Harrison County"","" TX""""","48203""""",12.0,268815.0,"Unreliable"""
675,"675,675,""","Hays County"","" TX""""","48209""""",22.0,949584.0,"2.3"""
676,"676,676,""","Henderson County"","" TX""""","48213""""",10.0,332495.0,"Unreliable"""
677,"677,677,""","Hidalgo County"","" TX""""","48215""""",105.0,3490202.0,"3.0"""
678,"678,678,""","Hunt County"","" TX""""","48231""""",15.0,398288.0,"Unreliable"""
679,"679,679,""","Jefferson County"","" TX""""","48245""""",63.0,1010397.0,"6.2"""
680,"680,680,""","Johnson County"","" TX""""","48251""""",21.0,714033.0,"2.9"""
681,"681,681,""","Kaufman County"","" TX""""","48257""""",24.0,565742.0,"4.2"""
682,"682,682,""","Lamar County"","" TX""""","48277""""",10.0,199590.0,"Unreliable"""
683,"683,683,""","Liberty County"","" TX""""","48291""""",11.0,363710.0,"Unreliable"""
684,"684,684,""","Lubbock County"","" TX""""","48303""""",56.0,1247204.0,"4.5"""
685,"685,685,""","McLennan County"","" TX""""","48309""""",46.0,1034075.0,"4.4"""
686,"686,686,""","Maverick County"","" TX""""","48323""""",20.0,233641.0,"8.6"""
687,"687,687,""","Midland County"","" TX""""","48329""""",31.0,695242.0,"4.5"""
688,"688,688,""","Montgomery County"","" TX""""","48339""""",68.0,2473553.0,"2.7"""
689,"689,689,""","Nueces County"","" TX""""","48355""""",32.0,1440786.0,"2.2"""
690,"690,690,""","Orange County"","" TX""""","48361""""",11.0,334588.0,"Unreliable"""
691,"691,691,""","Parker County"","" TX""""","48367""""",10.0,586211.0,"Unreliable"""
692,"692,692,""","Potter County"","" TX""""","48375""""",31.0,469614.0,"6.6"""
693,"693,693,""","Randall County"","" TX""""","48381""""",21.0,557737.0,"3.8"""
694,"694,694,""","Rockwall County"","" TX""""","48397""""",12.0,431841.0,"Unreliable"""
695,"695,695,""","Smith County"","" TX""""","48423""""",45.0,935964.0,"4.8"""
696,"696,696,""","Starr County"","" TX""""","48427""""",11.0,259473.0,"Unreliable"""
697,"697,697,""","Tarrant County"","" TX""""","48439""""",377.0,8437270.0,"4.5"""
698,"698,698,""","Taylor County"","" TX""""","48441""""",27.0,558200.0,"4.8"""
699,"699,699,""","Tom Green County"","" TX""""","48451""""",18.0,476810.0,"Unreliable"""
700,"700,700,""","Travis County"","" TX""""","48453""""",128.0,5128354.0,"2.5"""
701,"701,701,""","Van Zandt County"","" TX""""","48467""""",13.0,231417.0,"Unreliable"""
702,"702,702,""","Victoria County"","" TX""""","48469""""",11.0,367019.0,"Unreliable"""
703,"703,703,""","Waller County"","" TX""""","48473""""",10.0,225605.0,"Unreliable"""
704,"704,704,""","Webb County"","" TX""""","48479""""",44.0,1098188.0,"4.0"""
705,"705,705,""","Wichita County"","" TX""""","48485""""",20.0,527568.0,"3.8"""
706,"706,706,""","Williamson County"","" TX""""","48491""""",41.0,2418151.0,"1.7"""
707,"707,707,""","Cache County"","" UT""""","49005""""",17.0,522778.0,"Unreliable"""
708,"708,708,""","Davis County"","" UT""""","49011""""",63.0,1433711.0,"4.4"""
709,"709,709,""","Iron County"","" UT""""","49021""""",10.0,224947.0,"Unreliable"""
710,"710,710,""","Salt Lake County"","" UT""""","49035""""",190.0,4665008.0,"4.1"""
711,"711,711,""","Tooele County"","" UT""""","49045""""",15.0,293318.0,"Unreliable"""
712,"712,712,""","Uintah County"","" UT""""","49047""""",13.0,143346.0,"Unreliable"""
713,"713,713,""","Utah County"","" UT""""","49049""""",115.0,2594493.0,"4.4"""
714,"714,714,""","Washington County"","" UT""""","49053""""",16.0,725395.0,"Unreliable"""
715,"715,715,""","Weber County"","" UT""""","49057""""",43.0,1046296.0,"4.1"""
716,"716,716,""","Chittenden County"","" VT""""","50007""""",12.0,661517.0,"Unreliable"""
717,"717,717,""","Albemarle County"","" VA""""","51003""""",14.0,442235.0,"Unreliable"""
718,"718,718,""","Arlington County"","" VA""""","51013""""",14.0,947447.0,"Unreliable"""
719,"719,719,""","Campbell County"","" VA""""","51031""""",10.0,220654.0,"Unreliable"""
720,"720,720,""","Chesterfield County"","" VA""""","51041""""",49.0,1430291.0,"3.4"""
721,"721,721,""","Fairfax County"","" VA""""","51059""""",94.0,4588894.0,"2.0"""
722,"722,722,""","Frederick County"","" VA""""","51069""""",13.0,362504.0,"Unreliable"""
723,"723,723,""","Henrico County"","" VA""""","51087""""",62.0,1327399.0,"4.7"""
724,"724,724,""","Henry County"","" VA""""","51089""""",12.0,202067.0,"Unreliable"""
725,"725,725,""","Loudoun County"","" VA""""","51107""""",36.0,1670764.0,"2.2"""
726,"726,726,""","Prince William County"","" VA""""","51153""""",80.0,1898351.0,"4.2"""
727,"727,727,""","Roanoke County"","" VA""""","51161""""",14.0,379357.0,"Unreliable"""
728,"728,728,""","Rockingham County"","" VA""""","51165""""",11.0,329932.0,"Unreliable"""
729,"729,729,""","Spotsylvania County"","" VA""""","51177""""",19.0,552578.0,"Unreliable"""
730,"730,730,""","Stafford County"","" VA""""","51179""""",26.0,620467.0,"4.2"""
731,"731,731,""","York County"","" VA""""","51199""""",10.0,276240.0,"Unreliable"""
732,"732,732,""","Alexandria city"","" VA""""","51510""""",24.0,633390.0,"3.8"""
733,"733,733,""","Chesapeake city"","" VA""""","51550""""",49.0,985749.0,"5.0"""
734,"734,734,""","Danville city"","" VA""""","51590""""",19.0,162821.0,"Unreliable"""
735,"735,735,""","Hampton city"","" VA""""","51650""""",30.0,542033.0,"5.5"""
736,"736,736,""","Harrisonburg city"","" VA""""","51660""""",11.0,211683.0,"Unreliable"""
737,"737,737,""","Lynchburg city"","" VA""""","51680""""",26.0,324864.0,"8.0"""
738,"738,738,""","Newport News city"","" VA""""","51700""""",44.0,721500.0,"6.1"""
739,"739,739,""","Norfolk city"","" VA""""","51710""""",55.0,964710.0,"5.7"""
740,"740,740,""","Petersburg city"","" VA""""","51730""""",15.0,126788.0,"Unreliable"""
741,"741,741,""","Portsmouth city"","" VA""""","51740""""",33.0,381964.0,"8.6"""
742,"742,742,""","Richmond city"","" VA""""","51760""""",57.0,918049.0,"6.2"""
743,"743,743,""","Roanoke city"","" VA""""","51770""""",22.0,396986.0,"5.5"""
744,"744,744,""","Suffolk city"","" VA""""","51800""""",17.0,373400.0,"Unreliable"""
745,"745,745,""","Virginia Beach city"","" VA""""","51810""""",79.0,1809066.0,"4.4"""
746,"746,746,""","Winchester city"","" VA""""","51840""""",10.0,112022.0,"Unreliable"""
747,"747,747,""","Benton County"","" WA""""","53005""""",24.0,822718.0,"2.9"""
748,"748,748,""","Clark County"","" WA""""","53011""""",49.0,1978367.0,"2.5"""
749,"749,749,""","Cowlitz County"","" WA""""","53015""""",15.0,442475.0,"Unreliable"""
750,"750,750,""","Franklin County"","" WA""""","53021""""",12.0,384912.0,"Unreliable"""
751,"751,751,""","Grant County"","" WA""""","53025""""",14.0,394738.0,"Unreliable"""
752,"752,752,""","King County"","" WA""""","53033""""",220.0,9012565.0,"2.4"""
753,"753,753,""","Kitsap County"","" WA""""","53035""""",31.0,1088379.0,"2.8"""
754,"754,754,""","Lewis County"","" WA""""","53041""""",13.0,326818.0,"Unreliable"""
755,"755,755,""","Pierce County"","" WA""""","53053""""",128.0,3635877.0,"3.5"""
756,"756,756,""","Snohomish County"","" WA""""","53061""""",84.0,3300917.0,"2.5"""
757,"757,757,""","Spokane County"","" WA""""","53063""""",40.0,2111694.0,"1.9"""
758,"758,758,""","Thurston County"","" WA""""","53067""""",34.0,1169006.0,"2.9"""
759,"759,759,""","Whatcom County"","" WA""""","53073""""",15.0,914779.0,"Unreliable"""
760,"760,760,""","Yakima County"","" WA""""","53077""""",31.0,1010233.0,"3.1"""
761,"761,761,""","Berkeley County"","" WV""""","54003""""",21.0,484488.0,"4.3"""
762,"762,762,""","Cabell County"","" WV""""","54011""""",16.0,370176.0,"Unreliable"""
763,"763,763,""","Kanawha County"","" WV""""","54039""""",22.0,712783.0,"3.1"""
764,"764,764,""","Monongalia County"","" WV""""","54061""""",16.0,425238.0,"Unreliable"""
765,"765,765,""","Raleigh County"","" WV""""","54081""""",19.0,294306.0,"Unreliable"""
766,"766,766,""","Wood County"","" WV""""","54107""""",11.0,334283.0,"Unreliable"""
767,"767,767,""","Brown County"","" WI""""","55009""""",39.0,1062121.0,"3.7"""
768,"768,768,""","Dane County"","" WI""""","55025""""",55.0,2205546.0,"2.5"""
769,"769,769,""","Eau Claire County"","" WI""""","55035""""",10.0,420892.0,"Unreliable"""
770,"770,770,""","Kenosha County"","" WI""""","55059""""",24.0,677254.0,"3.5"""
771,"771,771,""","Milwaukee County"","" WI""""","55079""""",229.0,3767002.0,"6.1"""
772,"772,772,""","Outagamie County"","" WI""""","55087""""",33.0,755561.0,"4.4"""
773,"773,773,""","Racine County"","" WI""""","55101""""",52.0,785593.0,"6.6"""
774,"774,774,""","Rock County"","" WI""""","55105""""",19.0,653948.0,"Unreliable"""
775,"775,775,""","Sauk County"","" WI""""","55111""""",11.0,258837.0,"Unreliable"""
776,"776,776,""","Sheboygan County"","" WI""""","55117""""",12.0,463783.0,"Unreliable"""
777,"777,777,""","Washington County"","" WI""""","55131""""",10.0,545347.0,"Unreliable"""
778,"778,778,""","Waukesha County"","" WI""""","55133""""",45.0,1622198.0,"2.8"""
779,"779,779,""","Winnebago County"","" WI""""","55139""""",22.0,686181.0,"3.2"""
780,"780,780,""","Wood County"","" WI""""","55141""""",11.0,292684.0,"Unreliable"""
781,"781,781,""","Laramie County"","" WY""""","56021""""",15.0,399934.0,"Unreliable"""
782,"782,782,""","Natrona County"","" WY""""","56025""""",14.0,319343.0,"Unreliable"""
783,"783,783,Total",,,45432.0,1316765908.0,"3.5,"
784,"784,784,---,",,,0.0,,
